#LINK<-- ファイルタイプの指定,http://linkdata.org/upload,,,,,,,,,,,,,,,,,,,,,,,,,,,,
#lang,ja,,,,,,,,,,,,,,,,,,,,,,,,,,,,
#attribution_name,Digital Tale of Genji,,,,,,,,,,,,,,,,,,,,,,,,,,,,
#file_name,genji,,,,,,,,,,,,,,,,,,,,,,,,,,,,
#namespace,bf,http://id.loc.gov/ontologies/bibframe/,,,,,,,,,,,,,,,,,,,,,,,,,,,
#namespace,bibo,http://bibliographic-ontology.org/bibo/,,,,,,,,,,,,,,,,,,,,,,,,,,,
#namespace,dc,http://purl.org/dc/terms/,,,,,,,,,,,,,,,,,,,,,,,,,,,
#namespace,dcterms,http://purl.org/dc/elements/1.1/,,,,,,,,,,,,,,,,,,,,,,,,,,,
#namespace,geo,http://www.w3.org/2003/01/geo/wgs84_pos#,,,,,,,,,,,,,,,,,,,,,,,,,,,
#namespace,karuta,https://github.com/tnanako/karutalod#,,,,,,,,,,,,,,,,,,,,,,,,,,,
#namespace,rdf,http://www.w3.org/1999/02/22-rdf-syntax-ns#,,,,,,,,,,,,,,,,,,,,,,,,,,,
#namespace,rdfs,http://www.w3.org/2000/01/rdf-schema#,,,,,,,,,,,,,,,,,,,,,,,,,,,
#namespace,genji,http://example.org/,,,,,,,,,,,,,,,,,,,,,,,,,,,
#property,karuta:text,karuta:historicalTranscription,dc:creator,,dcterms:creator,karuta:textOfTori,karuta:firstHalf,karuta:transcriptionOfFirstHalf,karuta:secondHalf,genji:utaNumber,genji:volume,genji:remark,karuta:romanTranscription,dcterms:creator,bibo:number,karuta:textOfYomi,karuta:imageOfYomi,karuta:uniqueSyllable,karuta:transcriptionOfSecondHalf,karuta:bonze,dc:source,dc:subject,dc:spacial,geo:lat,geo:long,dcterms:refenreces,bf:translation,dcterms:hasFormat,dcterms:isPartOf
#object_type_xsd,string:ja,string:ja,string:ja,,string,string:ja,string:ja,string:ja,string:ja,string:ja,string:ja,string,string:en,string,string,string:ja,string,string:ja,string:ja,string,string,string,string,float,float,string,string,string,string
#property_context,Assertion,Assertion,Assertion,,Assertion,Assertion,Assertion,Assertion,Assertion,Assertion,Assertion,Assertion,Assertion,Assertion,Assertion,Assertion,Assertion,Assertion,Assertion,Assertion,Assertion,Assertion,Assertion,Assertion,Assertion,Assertion,Assertion,Assertion,Assertion
genji_001,いときなき はつ元結に 長き世を 契るこゝろは 結びこめつや,いときなき はつもとゆひに なかきよを ちきるこころは むすびこめつや,桐壺帝,1,http://linkdata.org/resource/rdf1s8953i#kajin_001,ちきるこころは むすびこめつや,いときなき はつ元結に 長き世を,いときなき はつもとゆひに なかきよを,契るこゝろは 結びこめつや,8,桐壺,5の贈歌,itokinaki hatsumotoyuhini nakakiyoo chikirukokoroha musubikometsuya,001,1,いときなき はつ元結に 長き世を 契るこゝろは 結びこめつや,,,ちきるこころは むすびこめつや,,,,,,,,,http://linkdata.org/resource/rdf1s8955i#audio_google_001,
genji_002,かぎりとて 別るゝ道の 悲しきに いかまほしきは 命なりけり,かぎりとて わかるるみちの かなしきに いかまほしきは いのちなりけり,桐壺更衣,2,http://linkdata.org/resource/rdf1s8953i#kajin_002,いかまほしきは いのちなりけり,かぎりとて 別るゝ道の 悲しきに,かぎりとて わかるるみちの かなしきに,いかまほしきは 命なりけり,,,,kagiritote wakarurumichino kanashikini ikamahoshikiha inochinarikeri,002,2,かぎりとて 別るゝ道の 悲しきに いかまほしきは 命なりけり,,,いかまほしきは いのちなりけり,,,,,,,,,http://linkdata.org/resource/rdf1s8955i#audio_google_002,
genji_003,鈴虫の こゑのかぎりを つくしても 長き夜あかず ふる涙かな,すずむしの こえのかぎりを つくしても ながきよあかず ふるなみだかな,靫負命婦,3,http://linkdata.org/resource/rdf1s8953i#kajin_003,ながきよあかず ふるなみだかな,鈴虫の こゑのかぎりを つくしても,すずむしの こえのかぎりを つくしても,長き夜あかず ふる涙かな,,,,suzumushino koenokagirio tsukushitemo nagakiyoakazu furunamidakana,003,3,鈴虫の こゑのかぎりを つくしても 長き夜あかず ふる涙かな,,,ながきよあかず ふるなみだかな,,,,,,,,,http://linkdata.org/resource/rdf1s8955i#audio_google_003,
genji_004,いとゞしく 虫の音しげき 淺茅生に 雲おきそふる 雲のうへ人,いとどしく むしのねしげき あさじうに くもおきそふる くものうへびと,更衣母,4,http://linkdata.org/resource/rdf1s8953i#kajin_004,くもおきそふる くものうへびと,いとゞしく 虫の音しげき 淺茅生に,いとどしく むしのねしげき あさじうに,雲おきそふる 雲のうへ人,,,,itodoshiku mushinoneshigeki asajiuni kumookisofuru kumonouhebito,004,4,いとゞしく 虫の音しげき 淺茅生に 雲おきそふる 雲のうへ人,,,くもおきそふる くものうへびと,,,,,,,,,http://linkdata.org/resource/rdf1s8955i#audio_google_004,
genji_005,結びつる 心も深き もとゆひに こきむらさきの 色しあせずは,むすびつる こころもふかき もとゆひに こきむらさきの いろしあせずは,引入太政大臣,5,http://linkdata.org/resource/rdf1s8953i#kajin_005,こきむらさきの いろしあせずは,結びつる 心も深き もとゆひに,むすびつる こころもふかき もとゆひに,こきむらさきの 色しあせずは,,,,musubitsuru kokoromofukaki motoyuhini kokimurasakino iroshiasezuha,005,5,結びつる 心も深き もとゆひに こきむらさきの 色しあせずは,,,こきむらさきの いろしあせずは,,,,,,,,,http://linkdata.org/resource/rdf1s8955i#audio_google_005,
genji_006,つれなさを 恨みもはてぬ 東雲に とりあへぬまで 驚かすらん,つれなさを うらみもはてぬ しののめに とりあへぬまで おどろかすらん,光源氏君,6,http://linkdata.org/resource/rdf1s8953i#kajin_006,とりあへぬまで おどろかすらん,つれなさを 恨みもはてぬ 東雲に,つれなさを うらみもはてぬ しののめに,とりあへぬまで 驚かすらん,,,,tsurenasao uramimohatenu shinonomeni toriahenumade odorokasuran,006,6,つれなさを 恨みもはてぬ 東雲に とりあへぬまで 驚かすらん,,,とりあへぬまで おどろかすらん,,,,,,,,,http://linkdata.org/resource/rdf1s8955i#audio_google_006,
genji_007,手を折て あひみし事を 數ふれば これ一つやは 君がうきふし,てをおりて あひみしことを かぞふれば これひとつやは きみがうきふし,左馬頭,7,http://linkdata.org/resource/rdf1s8953i#kajin_007,これひとつやは きみがうきふし,手を折て あひみし事を 數ふれば,てをおりて あひみしことを かぞふれば,これ一つやは 君がうきふし,,,,teoorite ahimishikotoo kazofureba korehitotsuyaha kimigaukifushi,007,7,手を折て あひみし事を 數ふれば これ一つやは 君がうきふし,,,これひとつやは きみがうきふし,,,,,,,,,http://linkdata.org/resource/rdf1s8955i#audio_google_007,
genji_008,うきふしを 心ひとつに 數へきて こや君が手を 別るべきをり,うきふしを こころひとつに かぞへきて こやきみがてを わかるべきをり,指喰女,8,http://linkdata.org/resource/rdf1s8953i#kajin_008,こやきみがてを わかるべきをり,うきふしを 心ひとつに 數へきて,うきふしを こころひとつに かぞへきて,こや君が手を 別るべきをり,,,,ukifushio kokorohitotsuni kazohekite koyakimigateo wakarubekiori,008,8,うきふしを 心ひとつに 數へきて こや君が手を 別るべきをり,,,こやきみがてを わかるべきをり,,,,,,,,,http://linkdata.org/resource/rdf1s8955i#audio_google_008,
genji_009,琴の音も 月もえならぬ 宿ながら つれなき人を 引やとめける,ことのねも つきもえならぬ やどながら つれなきひとを ひきやとめける,琴音殿上人,9,http://linkdata.org/resource/rdf1s8953i#kajin_009,つれなきひとを ひきやとめける,琴の音も 月もえならぬ 宿ながら,ことのねも つきもえならぬ やどながら,つれなき人を 引やとめける,,,,kotononemo tsukimoenaranu yadonagara tsurenakihitoo hikiyatomekeru,009,9,琴の音も 月もえならぬ 宿ながら つれなき人を 引やとめける,,,つれなきひとを ひきやとめける,,,,,,,,,http://linkdata.org/resource/rdf1s8955i#audio_google_009,
genji_010,木枯に 吹あはすめる 笛なれば 引きとゞむべき ことの葉もなし,こがらしに ふきあはすめる ふえなれば ひきとどむべき ことのはもなし,木枯女,10,http://linkdata.org/resource/rdf1s8953i#kajin_010,ひきとどむべき ことのはもなし,木枯に 吹あはすめる 笛なれば,こがらしに ふきあはすめる ふえなれば,引きとゞむべき ことの葉もなし,,,,kogarashini fukiahasumeru fuenareba hikitodomubeki kotonohamonashi,010,10,木枯に 吹あはすめる 笛なれば 引きとゞむべき ことの葉もなし,,,ひきとどむべき ことのはもなし,,,,,,,,,http://linkdata.org/resource/rdf1s8955i#audio_google_010,
genji_011,さゝがにの 振舞しるき 夕暮に ひるま過せと いふがあやなさ,ささがにの ふるまひしるき ゆふぐれに ひるますぐせと いふがあやなさ,藤式部亟,11,http://linkdata.org/resource/rdf1s8953i#kajin_011,ひるますぐせと いふがあやなさ,さゝがにの 振舞しるき 夕暮に,ささがにの ふるまひしるき ゆふぐれに,ひるま過せと いふがあやなさ,,,,sasaganino furumahishiruki yufugureni hirumasuguseto ifugaayanasa,011,11,さゝがにの 振舞しるき 夕暮に ひるま過せと いふがあやなさ,,,ひるますぐせと いふがあやなさ,,,,,,,,,http://linkdata.org/resource/rdf1s8955i#audio_google_011,
genji_012,逢事の 夜をし隔てぬ 中ならば ひるまも何か まばゆからまし,あふことの よるをしへだてぬ なかならば ひるまもなにか まばゆからまし,蒜食女,12,http://linkdata.org/resource/rdf1s8953i#kajin_012,ひるまもなにか まばゆからまし,逢事の 夜をし隔てぬ 中ならば,あふことの よるをしへだてぬ なかならば,ひるまも何か まばゆからまし,,,,afukotono yoruoshihedatenu nakanaraba hirumamonanika mabayukaramashi,012,12,逢事の 夜をし隔てぬ 中ならば ひるまも何か まばゆからまし,,,ひるまもなにか まばゆからまし,,,,,,,,,http://linkdata.org/resource/rdf1s8955i#audio_google_012,
genji_013,我やどの 藤の色こき たそがれに たづねやはこぬ 春の名殘を,わがやどの ふじのいろこき たそがれに たづねやはこぬ はるのなごりを,到仕太政大臣,13,http://linkdata.org/resource/rdf1s8953i#kajin_013,たづねやはこぬ はるのなごりを,我やどの 藤の色こき たそがれに,わがやどの ふじのいろこき たそがれに,たづねやはこぬ 春の名殘を,,,,wagayadono fujinoirokoki tasogareni tazuneyahakonu harunonagorio,013,13,我やどの 藤の色こき たそがれに たづねやはこぬ 春の名殘を,,,たづねやはこぬ はるのなごりを,,,,,,,,,http://linkdata.org/resource/rdf1s8955i#audio_google_013,
genji_014,歎きわび 空に亂るゝ わが魂を 結びとゞめよ したがひのつま,なげきわび そらにみだるる わがたまを むすびとどめよ したがひのつま,葵上,14,http://linkdata.org/resource/rdf1s8953i#kajin_014,むすびとどめよ したがひのつま,歎きわび 空に亂るゝ わが魂を,なげきわび そらにみだるる わがたまを,結びとゞめよ したがひのつま,,,,nagekiwabi soranimidaruru wagatamao musubitodomeyo shitagahinotsuma,014,14,歎きわび 空に亂るゝ わが魂を 結びとゞめよ したがひのつま,,,むすびとどめよ したがひのつま,,,,,,,,,http://linkdata.org/resource/rdf1s8955i#audio_google_014,
genji_015,あたらしき 年ともいはず ふる物は ふりぬる人の 涙なりけり,あたらしき としともいはず ふるものは ふりぬるひとの なみだなりけり,引入太政大臣北方,15,http://linkdata.org/resource/rdf1s8953i#kajin_015,ふりぬるひとの なみだなりけり,あたらしき 年ともいはず ふる物は,あたらしき としともいはず ふるものは,ふりぬる人の 涙なりけり,,,,atarashiki toshitomoihazu furumonoha furinuruhitono namidanarikeri,015,15,あたらしき 年ともいはず ふる物は ふりぬる人の 涙なりけり,,,ふりぬるひとの なみだなりけり,,,,,,,,,http://linkdata.org/resource/rdf1s8955i#audio_google_015,
genji_016,秋はてゝ きりの籬に むすぼゝれ あるかなきかに うつる朝顔,あきはてて きりのまがきに むすぼぼれ あるかなきかに うつるあさがお,槿齋院,16,http://linkdata.org/resource/rdf1s8953i#kajin_016,あるかなきかに うつるあさがお,秋はてゝ きりの籬に むすぼゝれ,あきはてて きりのまがきに むすぼぼれ,あるかなきかに うつる朝顔,,,,akihatete kirinomagakini musubobore arukanakikani utsuruasagao,016,16,秋はてゝ きりの籬に むすぼゝれ あるかなきかに うつる朝顔,,,あるかなきかに うつるあさがお,,,,,,,,,http://linkdata.org/resource/rdf1s8955i#audio_google_016,
genji_017,うつせみの 羽におく露の こがくれて 忍び〲に ぬるゝ袖哉,うつせみの はにおくつゆの こがくれて しのびしのびに ぬるるそでかな,空蟬尼,17,http://linkdata.org/resource/rdf1s8953i#kajin_017,しのびしのびに ぬるるそでかな,うつせみの 羽におく露の こがくれて,うつせみの はにおくつゆの こがくれて,忍び〲に ぬるゝ袖哉,,,,utsusemino haniokutsuyuno kogakurete shinobishinobini nururusodekana,017,17,うつせみの 羽におく露の こがくれて 忍び〲に ぬるゝ袖哉,,,しのびしのびに ぬるるそでかな,,,,,,,,,http://linkdata.org/resource/rdf1s8955i#audio_google_017,
genji_018,ほのめかす 風につけても 下荻の なかばは霜に 結ぼほれつゝ,ほのめかす かぜにつけても したをぎの なかばはしもに むすぼほれつつ,軒端荻君,18,http://linkdata.org/resource/rdf1s8953i#kajin_018,なかばはしもに むすぼほれつつ,ほのめかす 風につけても 下荻の,ほのめかす かぜにつけても したをぎの,なかばは霜に 結ぼほれつゝ,,,,honomekasu kazenitsuketemo shitaogino nakabahashimoni musubohoretsutsu,018,18,ほのめかす 風につけても 下荻の なかばは霜に 結ぼほれつゝ,,,なかばはしもに むすぼほれつつ,,,,,,,,,http://linkdata.org/resource/rdf1s8955i#audio_google_018,
genji_019,山の端の 心もしらで ゆく月は うはの空にて かげやきえなん,やまのはの こころもしらで ゆくつきは うはのそらにて かげやきえなん,夕顔上,19,http://linkdata.org/resource/rdf1s8953i#kajin_019,うはのそらにて かげやきえなん,山の端の 心もしらで ゆく月は,やまのはの こころもしらで ゆくつきは,うはの空にて かげやきえなん,,,,yamanohano kokoromoshirade yukutsukiha uhanosoranite kageyakienan,019,19,山の端の 心もしらで ゆく月は うはの空にて かげやきえなん,,,うはのそらにて かげやきえなん,,,,,,,,,http://linkdata.org/resource/rdf1s8955i#audio_google_019,
genji_020,心あてに それかとぞ見る しら露の ひかりそへたる 夕顔の花,こころあてに それかとぞみる しらつゆの ひかりそへたる ゆうがおのはな,夕顔宿女房,20,http://linkdata.org/resource/rdf1s8953i#kajin_020,ひかりそへたる ゆうがおのはな,心あてに それかとぞ見る しら露の,こころあてに それかとぞみる しらつゆの,ひかりそへたる 夕顔の花,,,,kokoroateni sorekatozomiru shiratsuyuno hikarisohetaru yuugaonohana,020,20,心あてに それかとぞ見る しら露の ひかりそへたる 夕顔の花,,,ひかりそへたる ゆうがおのはな,,,,,,,,,http://linkdata.org/resource/rdf1s8955i#audio_google_020,
genji_021,袖濡る こひぢと且は 知ながら 下立つ田子の みづからぞうき,そでぬるる こひぢとかつは しりながら おりたつたごの みづからぞうき,六條御息所,21,http://linkdata.org/resource/rdf1s8953i#kajin_021,おりたつたごの みづからぞうき,袖濡る こひぢと且は 知ながら,そでぬるる こひぢとかつは しりながら,下立つ田子の みづからぞうき,,,,sodenururu kohijitokatsuha shirinagara oritatsutagono mizukarazouki,021,21,袖濡る こひぢと且は 知ながら 下立つ田子の みづからぞうき,,,おりたつたごの みづからぞうき,,,,,,,,,http://linkdata.org/resource/rdf1s8955i#audio_google_021,
genji_022,朝霧の はれ間もまたぬ けしきにて 花に心を とめぬとぞ見る,あさぎりの はれまもまたぬ けしきにて はなにこころを とめぬとぞみる,中將君,22,http://linkdata.org/resource/rdf1s8953i#kajin_022,はなにこころを とめぬとぞみる,朝霧の はれ間もまたぬ けしきにて,あさぎりの はれまもまたぬ けしきにて,花に心を とめぬとぞ見る,,,,asagirino haremamomatanu keshikinite hananikokoroo tomenutozomiru,022,22,朝霧の はれ間もまたぬ けしきにて 花に心を とめぬとぞ見る,,,はなにこころを とめぬとぞみる,,,,,,,,,http://linkdata.org/resource/rdf1s8955i#audio_google_022,
genji_023,おひたゝん ありかもしらぬ 若草を おくらす露ぞ 消ん空なき,おひたたん ありかもしらぬ わかくさを おくらすつゆぞ きえんそらなき,北山尼,23,http://linkdata.org/resource/rdf1s8953i#kajin_023,おくらすつゆぞ きえんそらなき,おひたゝん ありかもしらぬ 若草を,おひたたん ありかもしらぬ わかくさを,おくらす露ぞ 消ん空なき,,,,ohitatan arikamoshiranu wakakusao okurasutsuyuzo kiensoranaki,023,23,おひたゝん ありかもしらぬ 若草を おくらす露ぞ 消ん空なき,,,おくらすつゆぞ きえんそらなき,,,,,,,,,http://linkdata.org/resource/rdf1s8955i#audio_google_023,
genji_024,初草の おひゆく先も 知らぬまに いかでか露の 消んとすらん,はつくさの おひゆくさきも しらぬまに いかでかつゆの きえんとすらん,少納言乳母,24,http://linkdata.org/resource/rdf1s8953i#kajin_024,いかでかつゆの きえんとすらん,初草の おひゆく先も 知らぬまに,はつくさの おひゆくさきも しらぬまに,いかでか露の 消んとすらん,,,,hatsukusano ohiyukusakimo shiranumani ikadekatsuyuno kientosuran,024,24,初草の おひゆく先も 知らぬまに いかでか露の 消んとすらん,,,いかでかつゆの きえんとすらん,,,,,,,,,http://linkdata.org/resource/rdf1s8955i#audio_google_024,
genji_025,うどんげの 花まちえたる 心地して み山櫻に めこそうつらね,うどんげの はなまちえたる ここちして みやまざくらに めこそうつらね,北山僧都,25,http://linkdata.org/resource/rdf1s8953i#kajin_025,みやまざくらに めこそうつらね,うどんげの 花まちえたる 心地して,うどんげの はなまちえたる ここちして,み山櫻に めこそうつらね,,,,udongeno hanamachietaru kokochishite miyamazakurani mekosoutsurane,025,25,うどんげの 花まちえたる 心地して み山櫻に めこそうつらね,,,みやまざくらに めこそうつらね,,,,,,,,,http://linkdata.org/resource/rdf1s8955i#audio_google_025,
genji_026,奥山の 松のとぼそを まれにあけて まだ見ぬ花の 顔を見る哉,おくやまの まつのとぼそを まれにあけて まだみぬはなの かほをみるかな,何某寺聖人,26,http://linkdata.org/resource/rdf1s8953i#kajin_026,まだみぬはなの かほをみるかな,奥山の 松のとぼそを まれにあけて,おくやまの まつのとぼそを まれにあけて,まだ見ぬ花の 顔を見る哉,,,,okuyamano matsunotobosoo mareniakete madaminuhanano kahoomirukana,026,26,奥山の 松のとぼそを まれにあけて まだ見ぬ花の 顔を見る哉,,,まだみぬはなの かほをみるかな,,,,,,,,,http://linkdata.org/resource/rdf1s8955i#audio_google_026,
genji_027,くもりなき 池の鏡に 萬代を すむべきかげぞ しるく見えける,くもりなき いけのかがみに よろづよを すむべきかげぞ しるくみえける,紫上,27,http://linkdata.org/resource/rdf1s8953i#kajin_027,すむべきかげぞ しるくみえける,くもりなき 池の鏡に 萬代を,くもりなき いけのかがみに よろづよを,すむべきかげぞ しるく見えける,,,,kumorinaki ikenokagamini yorozuyoo sumubekikagezo shirukumiekeru,027,27,くもりなき 池の鏡に 萬代を すむべきかげぞ しるく見えける,,,すむべきかげぞ しるくみえける,,,,,,,,,http://linkdata.org/resource/rdf1s8955i#audio_google_027,
genji_028,ほとゝぎす 語らふ聲は それなれど あなおぼつかな 梅雨の空,ほととぎす かたらふこゑは それなれど あなおぼつかな さみだれのそら,中川女,28,http://linkdata.org/resource/rdf1s8953i#kajin_028,あなおぼつかな さみだれのそら,ほとゝぎす 語らふ聲は それなれど,ほととぎす かたらふこゑは それなれど,あなおぼつかな 梅雨の空,,,,hototogisu katarafukoweha sorenaredo anaobotsukana samidarenosora,028,28,ほとゝぎす 語らふ聲は それなれど あなおぼつかな 梅雨の空,,,あなおぼつかな さみだれのそら,,,,,,,,,http://linkdata.org/resource/rdf1s8955i#audio_google_028,
genji_029,世語に 人や傳へん たぐひなく うき身を覺めぬ 夢になしても,よがたりに ひとやつたへん たぐひなく うきみをさめぬ ゆめになしても,薄雲女院,29,http://linkdata.org/resource/rdf1s8953i#kajin_029,うきみをさめぬ ゆめになしても,世語に 人や傳へん たぐひなく,よがたりに ひとやつたへん たぐひなく,うき身を覺めぬ 夢になしても,,,,yogatarini hitoyatsutahen taguhinaku ukimiosamenu yumeninashitemo,029,29,世語に 人や傳へん たぐひなく うき身を覺めぬ 夢になしても,,,うきみをさめぬ ゆめになしても,,,,,,,,,http://linkdata.org/resource/rdf1s8955i#audio_google_029,
genji_030,鐘撞て とぢめん事は さすがにて 答へまうきぞ 且はあやなき,かねつきて とぢめんことは さすがにて こたへまうきぞ かつはあやなき,侍從,30,http://linkdata.org/resource/rdf1s8953i#kajin_030,こたへまうきぞ かつはあやなき,鐘撞て とぢめん事は さすがにて,かねつきて とぢめんことは さすがにて,答へまうきぞ 且はあやなき,,,,kanetsukite tojimenkotoha sasuganite kotahemaukizo katsuhaayanaki,030,30,鐘撞て とぢめん事は さすがにて 答へまうきぞ 且はあやなき,,,こたへまうきぞ かつはあやなき,,,,,,,,,http://linkdata.org/resource/rdf1s8955i#audio_google_030,
genji_031,から衣 君が心の つらければ たもとはかくぞ そぼちつゝのみ,からころも きみがこころの つらければ たもとはかくぞ そぼちつつのみ,末摘花姫君,31,http://linkdata.org/resource/rdf1s8953i#kajin_031,たもとはかくぞ そぼちつつのみ,から衣 君が心の つらければ,からころも きみがこころの つらければ,たもとはかくぞ そぼちつゝのみ,,,,karakoromo kimigakokorono tsurakereba tamotohakakuzo sobochitsutsunomi,031,31,から衣 君が心の つらければ たもとはかくぞ そぼちつゝのみ,,,たもとはかくぞ そぼちつつのみ,,,,,,,,,http://linkdata.org/resource/rdf1s8955i#audio_google_031,
genji_032,くれなゐの 一花衣 薄くとも ひたすらくたす 名をしたてずば,くれなゐの ひとはなごろも うすくとも ひたすらくたす なをしたてずば,大輔命婦,32,http://linkdata.org/resource/rdf1s8953i#kajin_032,ひたすらくたす なをしたてずば,くれなゐの 一花衣 薄くとも,くれなゐの ひとはなごろも うすくとも,ひたすらくたす 名をしたてずば,,,,kurenawino hitohanagoromo usukutomo hitasurakutasu naoshitatezuba,032,32,くれなゐの 一花衣 薄くとも ひたすらくたす 名をしたてずば,,,ひたすらくたす なをしたてずば,,,,,,,,,http://linkdata.org/resource/rdf1s8955i#audio_google_032,
genji_033,,,,33,http://linkdata.org/resource/rdf1s8953i#kajin_033,,,,,,,,,033,33,,,,,,,,,,,,,http://linkdata.org/resource/rdf1s8955i#audio_google_033,
genji_034,憂身世に やがて消なば 尋ねても 草の原をば とはじとや思ふ,うきみよに やがてきえなば たずねても くさのはらをば とはじとやおもふ,朧月夜内侍督,34,http://linkdata.org/resource/rdf1s8953i#kajin_034,くさのはらをば とはじとやおもふ,憂身世に やがて消なば 尋ねても,うきみよに やがてきえなば たずねても,草の原をば とはじとや思ふ,,,,ukimiyoni yagatekienaba tazunetemo kusanoharaoba tohajitoyaomofu,034,34,憂身世に やがて消なば 尋ねても 草の原をば とはじとや思ふ,,,くさのはらをば とはじとやおもふ,,,,,,,,,http://linkdata.org/resource/rdf1s8955i#audio_google_034,
genji_035,我やどの 花しなべての 色ならば 何かはさらに 君を待たまし,わがやどの はなしなべての いろならば なにかはさらに きみをまたまし,二條太政大臣,35,http://linkdata.org/resource/rdf1s8953i#kajin_035,なにかはさらに きみをまたまし,我やどの 花しなべての 色ならば,わがやどの はなしなべての いろならば,何かはさらに 君を待たまし,,,,wagayadono hanashinabeteno ironaraba nanikahasarani kimiomatamashi,035,35,我やどの 花しなべての 色ならば 何かはさらに 君を待たまし,,,なにかはさらに きみをまたまし,,,,,,,,,http://linkdata.org/resource/rdf1s8955i#audio_google_035,
genji_036,國つ神 空にことわる 中ならば なほざり事を まづやたゞさん,くにつかみ そらにことわる なかならば なほざりごとを まづやたださん,秋好中宮,36,http://linkdata.org/resource/rdf1s8953i#kajin_036,なほざりごとを まづやたださん,國つ神 空にことわる 中ならば,くにつかみ そらにことわる なかならば,なほざり事を まづやたゞさん,,,,kunitsukami soranikotowaru nakanaraba nahozarigotoo mazuyatadasan,036,36,國つ神 空にことわる 中ならば なほざり事を まづやたゞさん,,,なほざりごとを まづやたださん,,,,,,,,,http://linkdata.org/resource/rdf1s8955i#audio_google_036,
genji_037,蔭ひろみ たのみし松や 枯れにけん 下葉ちりゆく 年のくれかな,かげひろみ たのみしまつや かれにけん したばちりゆく としのくれかな,式部卿宮,37,http://linkdata.org/resource/rdf1s8953i#kajin_037,したばちりゆく としのくれかな,蔭ひろみ たのみし松や 枯れにけん,かげひろみ たのみしまつや かれにけん,下葉ちりゆく 年のくれかな,,,,kagehiromi tanomishimatsuya kareniken shitabachiriyuku toshinokurekana,037,37,蔭ひろみ たのみし松や 枯れにけん 下葉ちりゆく 年のくれかな,,,したばちりゆく としのくれかな,,,,,,,,,http://linkdata.org/resource/rdf1s8955i#audio_google_037,
genji_038,としくれて 岩井の水も 氷とぢ 見し人かげの あせもゆくかな,としくれて いわいのみずも こほりとぢ みしひとかげの あせもゆくかな,王命婦,38,http://linkdata.org/resource/rdf1s8953i#kajin_038,みしひとかげの あせもゆくかな,としくれて 岩井の水も 氷とぢ,としくれて いわいのみずも こほりとぢ,見し人かげの あせもゆくかな,,,,toshikurete iwainomizumo kohoritoji mishihitokageno asemoyukukana,038,38,としくれて 岩井の水も 氷とぢ 見し人かげの あせもゆくかな,,,みしひとかげの あせもゆくかな,,,,,,,,,http://linkdata.org/resource/rdf1s8955i#audio_google_038,
genji_039,,,,39,http://linkdata.org/resource/rdf1s8953i#kajin_039,,,,,,,,,039,39,,,,,,,,,,,,,http://linkdata.org/resource/rdf1s8955i#audio_google_039,
genji_040,人目なく あれたるやどは 橘の 花こそのきの つまとなりけれ,ひとめなく あれたるやどは たちばなの はなこそのきの つまとなりけれ,麗景殿女御,40,http://linkdata.org/resource/rdf1s8953i#kajin_040,はなこそのきの つまとなりけれ,人目なく あれたるやどは 橘の,ひとめなく あれたるやどは たちばなの,花こそのきの つまとなりけれ,,,,hitomenaku aretaruyadoha tachibanano hanakosonokino tsumatonarikere,040,40,人目なく あれたるやどは 橘の 花こそのきの つまとなりけれ,,,はなこそのきの つまとなりけれ,,,,,,,,,http://linkdata.org/resource/rdf1s8955i#audio_google_040,
genji_041,月影の やどれる袖は せばくとも とめても見ばや あかぬ光を,つきかげの やどれるそでは せばくとも とめてもみばや あかぬひかりを,花散里上,41,http://linkdata.org/resource/rdf1s8953i#kajin_041,とめてもみばや あかぬひかりを,月影の やどれる袖は せばくとも,つきかげの やどれるそでは せばくとも,とめても見ばや あかぬ光を,,,,tsukikageno yadorerusodeha sebakutomo tometemomibaya akanuhikario,041,41,月影の やどれる袖は せばくとも とめても見ばや あかぬ光を,,,とめてもみばや あかぬひかりを,,,,,,,,,http://linkdata.org/resource/rdf1s8955i#audio_google_041,
genji_042,,,,42,http://linkdata.org/resource/rdf1s8953i#kajin_042,,,,,,,,,042,42,,,,,,,,,,,,,http://linkdata.org/resource/rdf1s8955i#audio_google_042,
genji_043,心から とこ世をすてゝ なく雁を 雲のよそにも おもひける哉,こころから とこよをすてて なくかりを くものよそにも おもひけるかな,藤原惟光,43,http://linkdata.org/resource/rdf1s8953i#kajin_043,くものよそにも おもひけるかな,心から とこ世をすてゝ なく雁を,こころから とこよをすてて なくかりを,雲のよそにも おもひける哉,,,,kokorokara tokoyoosutete nakukario kumonoyosonimo omohikerukana,043,43,心から とこ世をすてゝ なく雁を 雲のよそにも おもひける哉,,,くものよそにも おもひけるかな,,,,,,,,,http://linkdata.org/resource/rdf1s8955i#audio_google_043,
genji_044,かきつらね 昔の事ぞ おもほゆる 雁はそのよの 友ならねども,かきつらね むかしのことぞ おもほゆる かりはそのよの ともならねども,源義淸,44,http://linkdata.org/resource/rdf1s8953i#kajin_044,かりはそのよの ともならねども,かきつらね 昔の事ぞ おもほゆる,かきつらね むかしのことぞ おもほゆる,雁はそのよの 友ならねども,,,,kakitsurane mukashinokotozo omohoyuru karihasonoyono tomonaranedomo,044,44,かきつらね 昔の事ぞ おもほゆる 雁はそのよの 友ならねども,,,かりはそのよの ともならねども,,,,,,,,,http://linkdata.org/resource/rdf1s8955i#audio_google_044,
genji_045,獨寐は きみもしりぬや 徒然と 思ひあかしの うらさびしさを,ひとりねは きみもしりぬや つれづれと おもひあかしの うらさびしさを,明石入道,45,http://linkdata.org/resource/rdf1s8953i#kajin_045,おもひあかしの うらさびしさを,獨寐は きみもしりぬや 徒然と,ひとりねは きみもしりぬや つれづれと,思ひあかしの うらさびしさを,,,,hitorineha kimimoshirinuya tsurezureto omohiakashino urasabishisao,045,45,獨寐は きみもしりぬや 徒然と 思ひあかしの うらさびしさを,,,おもひあかしの うらさびしさを,,,,,,,,,http://linkdata.org/resource/rdf1s8955i#audio_google_045,
genji_046,あけぬ夜に やがて惑へる 心には いづれを夢と わきて語らん,あけぬよに やがてまどへる こころには いづれをゆめと わきてかたらん,明石上,46,http://linkdata.org/resource/rdf1s8953i#kajin_046,いづれをゆめと わきてかたらん,あけぬ夜に やがて惑へる 心には,あけぬよに やがてまどへる こころには,いづれを夢と わきて語らん,,,,akenuyoni yagatemadoheru kokoroniha izureoyumeto wakitekataran,046,46,あけぬ夜に やがて惑へる 心には いづれを夢と わきて語らん,,,いづれをゆめと わきてかたらん,,,,,,,,,http://linkdata.org/resource/rdf1s8955i#audio_google_046,
genji_047,須磨の浦に 心をよせし 舟人の やがてくたせる 袖を見せばや,すまのうらに こころをよせし ふなびとの やがてくたせる そでをみせばや,五節君,47,http://linkdata.org/resource/rdf1s8953i#kajin_047,やがてくたせる そでをみせばや,須磨の浦に 心をよせし 舟人の,すまのうらに こころをよせし ふなびとの,やがてくたせる 袖を見せばや,,,,sumanourani kokorooyoseshi funabitono yagatekutaseru sodeomisebaya,047,47,須磨の浦に 心をよせし 舟人の やがてくたせる 袖を見せばや,,,やがてくたせる そでをみせばや,,,,,,,,,http://linkdata.org/resource/rdf1s8955i#audio_google_047,
genji_048,伊勢の海の 深き心をたどらずて ふりにし跡と なみや立べき,いせのうみの ふかきこころを たどらずて ふりにしあとと なみやたつべき,平内侍,48,http://linkdata.org/resource/rdf1s8953i#kajin_048,ふりにしあとと なみやたつべき,,いせのうみの ふかきこころを たどらずて,,,,,isenoumino fukakikokoroo tadorazute furinishiatoto namiyatatsubeki,048,48,伊勢の海の 深き心をたどらずて ふりにし跡と なみや立べき,,,ふりにしあとと なみやたつべき,,,,,,,,,http://linkdata.org/resource/rdf1s8955i#audio_google_048,
genji_049,雲の上に 思ひのぼれる 心には ちひろの底も はるかにぞ見る,くものうへに おもひのぼれる こころには ちひろのそこも はるかにぞみる,大貳内侍,49,http://linkdata.org/resource/rdf1s8953i#kajin_049,ちひろのそこも はるかにぞみる,雲の上に 思ひのぼれる 心には,くものうへに おもひのぼれる こころには,ちひろの底も はるかにぞ見る,,,,kumonouheni omohinoboreru kokoroniha chihironosokomo harukanizomiru,049,49,雲の上に 思ひのぼれる 心には ちひろの底も はるかにぞ見る,,,ちひろのそこも はるかにぞみる,,,,,,,,,http://linkdata.org/resource/rdf1s8955i#audio_google_049,
genji_050,諸ともに 都はいでき このたびは ひとり野中の 道にまどはん,もろともに みやこはいでき このたびは ひとりのなかの みちにまどはん,明石尼,50,http://linkdata.org/resource/rdf1s8953i#kajin_050,ひとりのなかの みちにまどはん,諸ともに 都はいでき このたびは,もろともに みやこはいでき このたびは,ひとり野中の 道にまどはん,,,,morotomoni miyakohaideki konotabiha hitorinonakano michinimadohan,050,50,諸ともに 都はいでき このたびは ひとり野中の 道にまどはん,,,ひとりのなかの みちにまどはん,,,,,,,,,http://linkdata.org/resource/rdf1s8955i#audio_google_050,
genji_051,世にわかれ いりなん道は おくるとも 同じ所を 君もたづねよ,よにわかれ いりなんみちは おくるとも おなじところを きみもたづねよ,朱雀院,51,http://linkdata.org/resource/rdf1s8953i#kajin_051,おなじところを きみもたづねよ,世にわかれ いりなん道は おくるとも,よにわかれ いりなんみちは おくるとも,同じ所を 君もたづねよ,,,,yoniwakare irinammichiha okurutomo onajitokoroo kimimotazuneyo,051,51,世にわかれ いりなん道は おくるとも 同じ所を 君もたづねよ,,,おなじところを きみもたづねよ,,,,,,,,,http://linkdata.org/resource/rdf1s8955i#audio_google_051,
genji_052,月のすむ 川のおちなる 里なれば 桂のかげは のどけかるらん,つきのすむ かわのおちなる さとなれば かつらのかげは のどけかるらん,冷泉院,52,http://linkdata.org/resource/rdf1s8953i#kajin_052,かつらのかげは のどけかるらん,月のすむ 川のおちなる 里なれば,つきのすむ かわのおちなる さとなれば,桂のかげは のどけかるらん,,,,tsukinosumu kawanoochinaru satonareba katsuranokageha nodokekaruran,052,52,月のすむ 川のおちなる 里なれば 桂のかげは のどけかるらん,,,かつらのかげは のどけかるらん,,,,,,,,,http://linkdata.org/resource/rdf1s8955i#audio_google_052,
genji_053,浮雲に しばしまがひし 月影の すみはつる夜ぞ 長閑かるべき,うきぐもに しばしまがひし つきかげの すみはつるよぞ のどけかるべき,頭中将,53,http://linkdata.org/resource/rdf1s8953i#kajin_053,すみはつるよぞ のどけかるべき,浮雲に しばしまがひし 月影の,うきぐもに しばしまがひし つきかげの,すみはつる夜ぞ 長閑かるべき,,,,ukigumoni shibashimagahishi tsukikageno sumihatsuruyozo nodokekarubeki,053,53,浮雲に しばしまがひし 月影の すみはつる夜ぞ 長閑かるべき,,,すみはつるよぞ のどけかるべき,,,,,,,,,http://linkdata.org/resource/rdf1s8955i#audio_google_053,
genji_054,雲のうへの すみかを捨て 夜半の月 いづれの谷に 影隱しけん,くものうへの すみかをすてて よはのつき いづれのたにに かげかくしけん,右大辨,54,http://linkdata.org/resource/rdf1s8953i#kajin_054,いづれのたにに かげかくしけん,雲のうへの すみかを捨て 夜半の月,くものうへの すみかをすてて よはのつき,いづれの谷に 影隱しけん,,,,kumonouheno sumikaosutete yohanotsuki izurenotanini kagekakushiken,054,54,雲のうへの すみかを捨て 夜半の月 いづれの谷に 影隱しけん,,,いづれのたにに かげかくしけん,,,,,,,,,http://linkdata.org/resource/rdf1s8955i#audio_google_054,
genji_055,雪間なき よし野の山を たづねても 心のかよふ 跡たえめやも,ゆきまなき よしののやまを たづねても こころのかよふ あとたえめやも,明石乳母,55,http://linkdata.org/resource/rdf1s8953i#kajin_055,こころのかよふ あとたえめやも,雪間なき よし野の山を たづねても,ゆきまなき よしののやまを たづねても,心のかよふ 跡たえめやも,,,,yukimanaki yoshinonoyamao tazunetemo kokoronokayofu atotaemeyamo,055,55,雪間なき よし野の山を たづねても 心のかよふ 跡たえめやも,,,こころのかよふ あとたえめやも,,,,,,,,,http://linkdata.org/resource/rdf1s8955i#audio_google_055,
genji_056,霜こほり うたて結べる あけぐれの 空かきくらし ふる涙かな,しもこほり うたてむすべる あけぐれの そらかきくらし ふるなみだかな,夕霧左大臣,56,http://linkdata.org/resource/rdf1s8953i#kajin_056,そらかきくらし ふるなみだかな,霜こほり うたて結べる あけぐれの,しもこほり うたてむすべる あけぐれの,空かきくらし ふる涙かな,,,,shimokohori utatemusuberu akegureno sorakakikurashi furunamidakana,056,56,霜こほり うたて結べる あけぐれの 空かきくらし ふる涙かな,,,そらかきくらし ふるなみだかな,,,,,,,,,http://linkdata.org/resource/rdf1s8955i#audio_google_056,
genji_057,色々よ 身のうきほどの しらるゝは いかにそめける 中の衣ぞ,いろいろよ みのうきほどの しらるるは いかにそめける なかのころもぞ,雲井雁上,57,http://linkdata.org/resource/rdf1s8953i#kajin_057,いかにそめける なかのころもぞ,色々よ 身のうきほどの しらるゝは,いろいろよ みのうきほどの しらるるは,いかにそめける 中の衣ぞ,,,,iroiroyo minoukihodono shiraruruha ikanisomekeru nakanokoromozo,057,57,色々よ 身のうきほどの しらるゝは いかにそめける 中の衣ぞ,,,いかにそめける なかのころもぞ,,,,,,,,,http://linkdata.org/resource/rdf1s8955i#audio_google_057,
genji_058,なく聲も 聞えぬ虫の おもひだに 人のけつには 消ゆる物かは,なくこゑも きこえぬむしの おもひだに ひとのけつには きゆるものかは,螢兵部卿宮,58,http://linkdata.org/resource/rdf1s8953i#kajin_058,ひとのけつには きゆるものかは,なく聲も 聞えぬ虫の おもひだに,なくこゑも きこえぬむしの おもひだに,人のけつには 消ゆる物かは,,,,nakukowemo kikoenumushino omohidani hitonoketsuniha kiyurumonokaha,058,58,なく聲も 聞えぬ虫の おもひだに 人のけつには 消ゆる物かは,,,ひとのけつには きゆるものかは,,,,,,,,,http://linkdata.org/resource/rdf1s8955i#audio_google_058,
genji_059,,,,59,http://linkdata.org/resource/rdf1s8953i#kajin_059,,,,,,,,,059,59,,,,,,,,,,,,,http://linkdata.org/resource/rdf1s8955i#audio_google_059,
genji_060,來しかたも 行方もしらぬ 沖に出て 哀いづこに 君を戀ふらん,こしかたも ゆくゑもしらぬ おきにでて あはれいづこに きみをこふらん,兵部君,60,http://linkdata.org/resource/rdf1s8953i#kajin_060,あはれいづこに きみをこふらん,來しかたも 行方もしらぬ 沖に出て,こしかたも ゆくゑもしらぬ おきにでて,哀いづこに 君を戀ふらん,,,,koshikatamo yukuwemoshiranu okinidete ahareizukoni kimiokofuran,060,60,來しかたも 行方もしらぬ 沖に出て 哀いづこに 君を戀ふらん,,,あはれいづこに きみをこふらん,,,,,,,,,http://linkdata.org/resource/rdf1s8955i#audio_google_060,
genji_061,君にもし こゝろたがはゞ 松浦なる 鏡の神を かけてちかはん,きみにもし こころたがはば まつうらなる かがみのかみを かけてちかはん,大夫監,61,http://linkdata.org/resource/rdf1s8953i#kajin_061,かがみのかみを かけてちかはん,君にもし こゝろたがはゞ 松浦なる,きみにもし こころたがはば まつうらなる,鏡の神を かけてちかはん,,,,kiminimoshi kokorotagahaba matsuuranaru kagaminokamio kaketechikahan,061,61,君にもし こゝろたがはゞ 松浦なる 鏡の神を かけてちかはん,,,かがみのかみを かけてちかはん,,,,,,,,,http://linkdata.org/resource/rdf1s8955i#audio_google_061,
genji_062,年を經て 祈る心の たがひなば かゞみの神を つらしとや見ん,としをへて いのるこころの たがひなば かがみのかみを つらしとやみん,夕顔乳母,62,http://linkdata.org/resource/rdf1s8953i#kajin_062,かがみのかみを つらしとやみん,年を經て 祈る心の たがひなば,としをへて いのるこころの たがひなば,かゞみの神を つらしとや見ん,,,,toshiohete inorukokorono tagahinaba kagaminokamio tsurashitoyamin,062,62,年を經て 祈る心の たがひなば かゞみの神を つらしとや見ん,,,かがみのかみを つらしとやみん,,,,,,,,,http://linkdata.org/resource/rdf1s8955i#audio_google_062,
genji_063,聲はせで 身をのみこがす 螢こそ いふより增る おもひ成らん,こゑもせで みをのみこがす ほたるこそ いふよりまさる おもひなるらん,玉葛内侍監,63,http://linkdata.org/resource/rdf1s8953i#kajin_063,いふよりまさる おもひなるらん,聲はせで 身をのみこがす 螢こそ,こゑもせで みをのみこがす ほたるこそ,いふより增る おもひ成らん,,,,kowemosede mionomikogasu hotarukoso ifuyorimasaru omohinaruran,063,63,聲はせで 身をのみこがす 螢こそ いふより增る おもひ成らん,,,いふよりまさる おもひなるらん,,,,,,,,,http://linkdata.org/resource/rdf1s8955i#audio_google_063,
genji_064,二本の 杉のたちどを たづねずば ふる川のべに 君を見ましや,ふたもとの すぎのたちどを たづねずば ふるかわのべに きみをみましや,右近,64,http://linkdata.org/resource/rdf1s8953i#kajin_064,ふるかわのべに きみをみましや,二本の 杉のたちどを たづねずば,ふたもとの すぎのたちどを たづねずば,ふる川のべに 君を見ましや,,,,futamotono suginotachidoo tazunezuba furukawanobeni kimiomimashiya,064,64,二本の 杉のたちどを たづねずば ふる川のべに 君を見ましや,,,ふるかわのべに きみをみましや,,,,,,,,,http://linkdata.org/resource/rdf1s8955i#audio_google_064,
genji_065,ひきわかれ 年はふれども 鶯の すだちし松の 根をわすれめや,ひきわかれ としはふれども うぐひすの すだちしまつの ねをわすれめや,明石中宮,65,http://linkdata.org/resource/rdf1s8953i#kajin_065,すだちしまつの ねをわすれめや,ひきわかれ 年はふれども 鶯の,ひきわかれ としはふれども うぐひすの,すだちし松の 根をわすれめや,,,,hikiwakare toshihafuredomo uguhisuno sudachishimatsuno neowasuremeya,065,65,ひきわかれ 年はふれども 鶯の すだちし松の 根をわすれめや,,,すだちしまつの ねをわすれめや,,,,,,,,,http://linkdata.org/resource/rdf1s8955i#audio_google_065,
genji_066,,,,66,http://linkdata.org/resource/rdf1s8953i#kajin_066,,,,,,,,,066,66,,,,,,,,,,,,,http://linkdata.org/resource/rdf1s8955i#audio_google_066,
genji_067,,,,67,http://linkdata.org/resource/rdf1s8953i#kajin_067,,,,,,,,,067,67,,,,,,,,,,,,,http://linkdata.org/resource/rdf1s8955i#audio_google_067,
genji_068,,,,68,http://linkdata.org/resource/rdf1s8953i#kajin_068,,,,,,,,,068,68,,,,,,,,,,,,,http://linkdata.org/resource/rdf1s8955i#audio_google_068,
genji_069,,,,69,http://linkdata.org/resource/rdf1s8953i#kajin_069,,,,,,,,,069,69,,,,,,,,,,,,,http://linkdata.org/resource/rdf1s8955i#audio_google_069,
genji_070,ゆくへなき 空の煙と なりぬとも 思ふあたりは たちも離れじ,ゆくへなき そらのけぶりと なりぬとも おもふあたりは たちもはなれじ,柏木右衛門督,70,http://linkdata.org/resource/rdf1s8953i#kajin_070,おもふあたりは たちもはなれじ,ゆくへなき 空の煙と なりぬとも,ゆくへなき そらのけぶりと なりぬとも,思ふあたりは たちも離れじ,,,,yukuhenaki soranokeburito narinutomo omofuatariha tachimohanareji,070,70,ゆくへなき 空の煙と なりぬとも 思ふあたりは たちも離れじ,,,おもふあたりは たちもはなれじ,,,,,,,,,http://linkdata.org/resource/rdf1s8955i#audio_google_070,
genji_071,恨めしや かすみの衣 たれきよと 春よりさきに 花のちりけん,うらめしや かすみのころも たれきよと はるよりさきに はなのちりけん,紅梅右大臣,71,http://linkdata.org/resource/rdf1s8953i#kajin_071,はるよりさきに はなのちりけん,恨めしや かすみの衣 たれきよと,うらめしや かすみのころも たれきよと,春よりさきに 花のちりけん,,,,urameshiya kasuminokoromo tarekiyoto haruyorisakini hananochiriken,071,71,恨めしや かすみの衣 たれきよと 春よりさきに 花のちりけん,,,はるよりさきに はなのちりけん,,,,,,,,,http://linkdata.org/resource/rdf1s8955i#audio_google_071,
genji_072,,,,72,http://linkdata.org/resource/rdf1s8953i#kajin_072,,,,,,,,,072,72,,,,,,,,,,,,,http://linkdata.org/resource/rdf1s8955i#audio_google_072,
genji_073,,,,73,http://linkdata.org/resource/rdf1s8953i#kajin_073,,,,,,,,,073,73,,,,,,,,,,,,,http://linkdata.org/resource/rdf1s8955i#audio_google_073,
genji_074,數ならば いとひもせまし 長月に 命をかくる ほどぞはかなき,かずならば いとひもせまし ながつきに いのちをかくる ほどぞはかなき,鬚黒右大臣,74,http://linkdata.org/resource/rdf1s8953i#kajin_074,いのちをかくる ほどぞはかなき,數ならば いとひもせまし 長月に,かずならば いとひもせまし ながつきに,命をかくる ほどぞはかなき,,,,kazunaraba itohimosemashi nagatsukini inochiokakuru hodozohakanaki,074,74,數ならば いとひもせまし 長月に 命をかくる ほどぞはかなき,,,いのちをかくる ほどぞはかなき,,,,,,,,,http://linkdata.org/resource/rdf1s8955i#audio_google_074,
genji_075,忘れなん と思ふも物の 悲しきを いか樣にして いか樣にせん,わすれなん とおもふもものの かなしきを いかさまにして いかさまにせん,左兵衛督,75,http://linkdata.org/resource/rdf1s8953i#kajin_075,いかさまにして いかさまにせん,忘れなん と思ふも物の 悲しきを,わすれなん とおもふもものの かなしきを,いか樣にして いか樣にせん,,,,wasurenan toomofumomonono kanashikio ikasamanishite ikasamanisen,075,75,忘れなん と思ふも物の 悲しきを いか樣にして いか樣にせん,,,いかさまにして いかさまにせん,,,,,,,,,http://linkdata.org/resource/rdf1s8955i#audio_google_075,
genji_076,ひとり居て 焦るゝ胸の 苦しきに 思ひ餘れる ほのほどそ見し,ひとりゐて あせるるむねの くるしきに おもひあまれる ほのほどそみし,杢君,76,http://linkdata.org/resource/rdf1s8953i#kajin_076,おもひあまれる ほのほどそみし,ひとり居て 焦るゝ胸の 苦しきに,ひとりゐて あせるるむねの くるしきに,思ひ餘れる ほのほどそ見し,,,,hitoriwite aserurumuneno kurushikini omohiamareru honohodosomishi,076,76,ひとり居て 焦るゝ胸の 苦しきに 思ひ餘れる ほのほどそ見し,,,おもひあまれる ほのほどそみし,,,,,,,,,http://linkdata.org/resource/rdf1s8955i#audio_google_076,
genji_077,今はとて やどかれぬとも なれきつる 槇の柱よ われを忘るな,いまはとて やどかれぬとも なれきつる まきのはしらよ われをわするな,槇柱上,77,http://linkdata.org/resource/rdf1s8953i#kajin_077,まきのはしらよ われをわするな,今はとて やどかれぬとも なれきつる,いまはとて やどかれぬとも なれきつる,槇の柱よ われを忘るな,,,,imahatote yadokarenutomo narekitsuru makinohashirayo wareowasuruna,077,77,今はとて やどかれぬとも なれきつる 槇の柱よ われを忘るな,,,まきのはしらよ われをわするな,,,,,,,,,http://linkdata.org/resource/rdf1s8955i#audio_google_077,
genji_078,なれきとは 思ひいづとも 何により たちとまるべき 槇の柱ぞ,なれきとは おもひいづとも なににより たちとまるべき まきのはしらぞ,鬚黒大臣北方,78,http://linkdata.org/resource/rdf1s8953i#kajin_078,たちとまるべき まきのはしらぞ,なれきとは 思ひいづとも 何により,なれきとは おもひいづとも なににより,たちとまるべき 槇の柱ぞ,,,,narekitoha omohiizutomo naniniyori tachitomarubeki makinohashirazo,078,78,なれきとは 思ひいづとも 何により たちとまるべき 槇の柱ぞ,,,たちとまるべき まきのはしらぞ,,,,,,,,,http://linkdata.org/resource/rdf1s8955i#audio_google_078,
genji_079,あさけれど 岩間の水は すみはてゝ 宿もる君や かげ離るべき,あさけれど いわまのみずは すみはてて やどもるきみや かげはなるべき,宿守中將君,79,http://linkdata.org/resource/rdf1s8953i#kajin_079,やどもるきみや かげはなるべき,あさけれど 岩間の水は すみはてゝ,あさけれど いわまのみずは すみはてて,宿もる君や かげ離るべき,,,,asakeredo iwamanomizuha sumihatete yadomorukimiya kagehanarubeki,079,79,あさけれど 岩間の水は すみはてゝ 宿もる君や かげ離るべき,,,やどもるきみや かげはなるべき,,,,,,,,,http://linkdata.org/resource/rdf1s8955i#audio_google_079,
genji_080,かざしても 且たどらるゝ 草の名は 桂を折りし 人や知るらん,かざしても かつたどらるる くさのなは かつらをおりし ひとやしるらん,藤内侍,80,http://linkdata.org/resource/rdf1s8953i#kajin_080,かつらをおりし ひとやしるらん,かざしても 且たどらるゝ 草の名は,かざしても かつたどらるる くさのなは,桂を折りし 人や知るらん,,,,kazashitemo katsutadoraruru kusanonaha katsuraoorishi hitoyashiruran,080,80,かざしても 且たどらるゝ 草の名は 桂を折りし 人や知るらん,,,かつらをおりし ひとやしるらん,,,,,,,,,http://linkdata.org/resource/rdf1s8955i#audio_google_080,
genji_081,ニ葉より 名たゝる園の 菊なれば あさき色わく 露もなかりき,ふたばより なたたるそのの きくなれば あさきいろわく つゆもなかりき,大輔乳母,81,http://linkdata.org/resource/rdf1s8953i#kajin_081,あさきいろわく つゆもなかりき,ニ葉より 名たゝる園の 菊なれば,ふたばより なたたるそのの きくなれば,あさき色わく 露もなかりき,,,,futabayori natatarusonono kikunareba asakiirowaku tsuyumonakariki,081,81,ニ葉より 名たゝる園の 菊なれば あさき色わく 露もなかりき,,,あさきいろわく つゆもなかりき,,,,,,,,,http://linkdata.org/resource/rdf1s8955i#audio_google_081,
genji_082,いづれをも かげとぞ賴む 二葉より 根ざしかはせる 松の末々,いづれをも かげとぞたのむ ふたばより ねざしかはせる まつのすゑずゑ,宰相乳母,82,http://linkdata.org/resource/rdf1s8953i#kajin_082,ねざしかはせる まつのすゑずゑ,いづれをも かげとぞ賴む 二葉より,いづれをも かげとぞたのむ ふたばより,根ざしかはせる 松の末々,,,,izureomo kagetozotanomu futabayori nezashikahaseru matsunosuwezuwe,082,82,いづれをも かげとぞ賴む 二葉より 根ざしかはせる 松の末々,,,ねざしかはせる まつのすゑずゑ,,,,,,,,,http://linkdata.org/resource/rdf1s8955i#audio_google_082,
genji_083,いまさらに 色にないでそ 山ざくら およばぬ枝に 心かけきと,いまさらに いろにないでそ やまざくら およばぬえだに こころかけきと,小侍從,83,http://linkdata.org/resource/rdf1s8953i#kajin_083,およばぬえだに こころかけきと,いまさらに 色にないでそ 山ざくら,いまさらに いろにないでそ やまざくら,およばぬ枝に 心かけきと,,,,imasarani ironinaideso yamazakura oyobanuedani kokorokakekito,083,83,いまさらに 色にないでそ 山ざくら およばぬ枝に 心かけきと,,,およばぬえだに こころかけきと,,,,,,,,,http://linkdata.org/resource/rdf1s8955i#audio_google_083,
genji_084,祝子が 木綿打まがひ おく霜は げにいちじるき 神のしるしか,はふりこが ゆふうちまがひ おくしもは げにいちじるき かみのしるしか,中務君,84,http://linkdata.org/resource/rdf1s8953i#kajin_084,げにいちじるき かみのしるしか,祝子が 木綿打まがひ おく霜は,はふりこが ゆふうちまがひ おくしもは,げにいちじるき 神のしるしか,,,,hafurikoga yufuuchimagahi okushimoha geniichijiruki kaminoshirushika,084,84,祝子が 木綿打まがひ おく霜は げにいちじるき 神のしるしか,,,げにいちじるき かみのしるしか,,,,,,,,,http://linkdata.org/resource/rdf1s8955i#audio_google_084,
genji_085,へだてなく 蓮のやどを ちぎりても 君が心や すまじとすらん,へだてなく はちすのやどを ちぎりても きみがこころや すまじとすらん,三條女三宮,85,http://linkdata.org/resource/rdf1s8953i#kajin_085,きみがこころや すまじとすらん,へだてなく 蓮のやどを ちぎりても,へだてなく はちすのやどを ちぎりても,君が心や すまじとすらん,,,,hedatenaku hachisunoyadoo chigiritemo kimigakokoroya sumajitosuran,085,85,へだてなく 蓮のやどを ちぎりても 君が心や すまじとすらん,,,きみがこころや すまじとすらん,,,,,,,,,http://linkdata.org/resource/rdf1s8955i#audio_google_085,
genji_086,この春は 柳のめにぞ 玉はぬく さきちる花の ゆくへしらねば,このはるは やなぎのめにぞ たまはぬく さきちるはなの ゆくへしらねば,一條御息所,86,http://linkdata.org/resource/rdf1s8953i#kajin_086,さきちるはなの ゆくへしらねば,この春は 柳のめにぞ 玉はぬく,このはるは やなぎのめにぞ たまはぬく,さきちる花の ゆくへしらねば,,,,konoharuha yanaginomenizo tamahanuku sakichiruhanano yukuheshiraneba,086,86,この春は 柳のめにぞ 玉はぬく さきちる花の ゆくへしらねば,,,さきちるはなの ゆくへしらねば,,,,,,,,,http://linkdata.org/resource/rdf1s8955i#audio_google_086,
genji_087,のぼりにし 峰の烟に 立まじり 思はぬかたに なびかずもがな,のぼりにし みねのけぶりに たちまじり おもはぬかたに なびかずもがな,落葉宮,87,http://linkdata.org/resource/rdf1s8953i#kajin_087,おもはぬかたに なびかずもがな,のぼりにし 峰の烟に 立まじり,のぼりにし みねのけぶりに たちまじり,思はぬかたに なびかずもがな,,,,noborinishi minenokeburini tachimajiri omohanukatani nabikazumogana,087,87,のぼりにし 峰の烟に 立まじり 思はぬかたに なびかずもがな,,,おもはぬかたに なびかずもがな,,,,,,,,,http://linkdata.org/resource/rdf1s8955i#audio_google_087,
genji_088,,,,88,http://linkdata.org/resource/rdf1s8953i#kajin_088,,,,,,,,,088,88,,,,,,,,,,,,,http://linkdata.org/resource/rdf1s8955i#audio_google_088,
genji_089,君こふる 涙はきはも なきものを 今日をば何の 果といふらん,きみこふる なみだはきはも なきものを けふをばなんの はてといふらん,六條院中將宮,89,http://linkdata.org/resource/rdf1s8953i#kajin_089,けふをばなんの はてといふらん,君こふる 涙はきはも なきものを,きみこふる なみだはきはも なきものを,今日をば何の 果といふらん,,,,kimikofuru namidahakihamo nakimonoo kefuobananno hatetoifuran,089,89,君こふる 涙はきはも なきものを 今日をば何の 果といふらん,,,けふをばなんの はてといふらん,,,,,,,,,http://linkdata.org/resource/rdf1s8955i#audio_google_089,
genji_090,千代の春 見るべき物と 祈り置て 我身ぞ雪と ともにふりぬる,ちよのはる みるべきものと いのりおきて わがみぞゆきと ともにふりぬる,佛名導師,90,http://linkdata.org/resource/rdf1s8953i#kajin_090,わがみぞゆきと ともにふりぬる,千代の春 見るべき物と 祈り置て,ちよのはる みるべきものと いのりおきて,我身ぞ雪と ともにふりぬる,,,,chiyonoharu mirubekimonoto inoriokite wagamizoyukito tomonifurinuru,090,90,千代の春 見るべき物と 祈り置て 我身ぞ雪と ともにふりぬる,,,わがみぞゆきと ともにふりぬる,,,,,,,,,http://linkdata.org/resource/rdf1s8955i#audio_google_090,
genji_091,,,,91,http://linkdata.org/resource/rdf1s8953i#kajin_091,,,,,,,,,091,91,,,,,,,,,,,,,http://linkdata.org/resource/rdf1s8955i#audio_google_091,
genji_092,竹川に よをふかさじと 急ぎしも いかなるふしを 思ひ置まし,たけかわに よをふかさじと いそぎしも いかなるふしを おもひおかまし,藤侍從,92,http://linkdata.org/resource/rdf1s8953i#kajin_092,いかなるふしを おもひおかまし,竹川に よをふかさじと 急ぎしも,たけかわに よをふかさじと いそぎしも,いかなるふしを 思ひ置まし,,,,takekawani yoofukasajito isogishimo ikanarufushio omohiokamashi,092,92,竹川に よをふかさじと 急ぎしも いかなるふしを 思ひ置まし,,,いかなるふしを おもひおかまし,,,,,,,,,http://linkdata.org/resource/rdf1s8955i#audio_google_092,
genji_093,,,,93,http://linkdata.org/resource/rdf1s8953i#kajin_093,,,,,,,,,093,93,,,,,,,,,,,,,http://linkdata.org/resource/rdf1s8955i#audio_google_093,
genji_094,,,,94,http://linkdata.org/resource/rdf1s8953i#kajin_094,,,,,,,,,094,94,,,,,,,,,,,,,http://linkdata.org/resource/rdf1s8955i#audio_google_094,
genji_095,,,,95,http://linkdata.org/resource/rdf1s8953i#kajin_095,,,,,,,,,095,95,,,,,,,,,,,,,http://linkdata.org/resource/rdf1s8955i#audio_google_095,
genji_096,,,,96,http://linkdata.org/resource/rdf1s8953i#kajin_096,,,,,,,,,096,96,,,,,,,,,,,,,http://linkdata.org/resource/rdf1s8955i#audio_google_096,
genji_097,,,,97,http://linkdata.org/resource/rdf1s8953i#kajin_097,,,,,,,,,097,97,,,,,,,,,,,,,http://linkdata.org/resource/rdf1s8955i#audio_google_097,
genji_098,,,,98,http://linkdata.org/resource/rdf1s8953i#kajin_098,,,,,,,,,098,98,,,,,,,,,,,,,http://linkdata.org/resource/rdf1s8955i#audio_google_098,
genji_099,,,,99,http://linkdata.org/resource/rdf1s8953i#kajin_099,,,,,,,,,099,99,,,,,,,,,,,,,http://linkdata.org/resource/rdf1s8955i#audio_google_099,
genji_100,山おろしに 堪ぬ木の葉の 露よりも あやなくもろき 我涙かな,やまおろしに たへぬこのはの つゆよりも あやなくもろき わがなみだかな,薫大將,100,http://linkdata.org/resource/rdf1s8953i#kajin_100,あやなくもろき わがなみだかな,山おろしに 堪ぬ木の葉の 露よりも,やまおろしに たへぬこのはの つゆよりも,あやなくもろき 我涙かな,,,,yamaoroshini tahenukonohano tsuyuyorimo ayanakumoroki waganamidakana,100,100,山おろしに 堪ぬ木の葉の 露よりも あやなくもろき 我涙かな,,,あやなくもろき わがなみだかな,,,,,,,,,http://linkdata.org/resource/rdf1s8955i#audio_google_100,
genji_101,竹川の 其よの事は 思ひいづや 忍ふばかりの ふしはなけれど,たけかわの そのよのことは おもひいづや しのふばかりの ふしはなけれど,竹川女房,101,http://linkdata.org/resource/rdf1s8953i#kajin_101,しのふばかりの ふしはなけれど,竹川の 其よの事は 思ひいづや,たけかわの そのよのことは おもひいづや,忍ふばかりの ふしはなけれど,,,,takekawano sonoyonokotoha omohiizuya shinofubakarino fushihanakeredo,101,101,竹川の 其よの事は 思ひいづや 忍ふばかりの ふしはなけれど,,,しのふばかりの ふしはなけれど,,,,,,,,,http://linkdata.org/resource/rdf1s8955i#audio_google_101,
genji_102,打捨て つがひさりにし 水鳥の かりのこの世に 立おくれけん,うちすてて つがひさりにし みずどりの かりのこのよに たちおくれけん,優婆塞宮,102,http://linkdata.org/resource/rdf1s8953i#kajin_102,かりのこのよに たちおくれけん,打捨て つがひさりにし 水鳥の,うちすてて つがひさりにし みずどりの,かりのこの世に 立おくれけん,,,,uchisutete tsugahisarinishi mizudorino karinokonoyoni tachiokureken,102,102,打捨て つがひさりにし 水鳥の かりのこの世に 立おくれけん,,,かりのこのよに たちおくれけん,,,,,,,,,http://linkdata.org/resource/rdf1s8955i#audio_google_102,
genji_103,色かはる 袖をば露の やどりにて わが身ぞさらに おき處なき,いろかはる そでをばつゆの やどりにて わがみぞさらに おきどころなき,總角姫君,103,http://linkdata.org/resource/rdf1s8953i#kajin_103,わがみぞさらに おきどころなき,色かはる 袖をば露の やどりにて,いろかはる そでをばつゆの やどりにて,わが身ぞさらに おき處なき,,,,irokaharu sodeobatsuyuno yadorinite wagamizosarani okidokoronaki,103,103,色かはる 袖をば露の やどりにて わが身ぞさらに おき處なき,,,わがみぞさらに おきどころなき,,,,,,,,,http://linkdata.org/resource/rdf1s8955i#audio_google_103,
genji_104,遠近の みぎはの浪は へだつとも なほふきかよへ 宇治の川風,をちこちの みぎはのなみは へだつとも なほふきかよへ うじのかわかぜ,匂兵部卿宮,104,http://linkdata.org/resource/rdf1s8953i#kajin_104,なほふきかよへ うじのかわかぜ,遠近の みぎはの浪は へだつとも,をちこちの みぎはのなみは へだつとも,なほふきかよへ 宇治の川風,,,,ochikochino migihanonamiha hedatsutomo nahofukikayohe ujinokawakaze,104,104,遠近の みぎはの浪は へだつとも なほふきかよへ 宇治の川風,,,なほふきかよへ うじのかわかぜ,,,,,,,,,http://linkdata.org/resource/rdf1s8955i#audio_google_104,
genji_105,あられふる 深山の里は 朝夕に ながむる空も かきくらしつつ,あられふる みやまのさとは あさゆふに ながむるそらも かきくらしつつ,宇治中姫君,105,http://linkdata.org/resource/rdf1s8953i#kajin_105,ながむるそらも かきくらしつつ,あられふる 深山の里は 朝夕に,あられふる みやまのさとは あさゆふに,ながむる空も かきくらしつつ,,,,ararefuru miyamanosatoha asayufuni nagamurusoramo kakikurashitsutsu,105,105,あられふる 深山の里は 朝夕に ながむる空も かきくらしつつ,,,ながむるそらも かきくらしつつ,,,,,,,,,http://linkdata.org/resource/rdf1s8955i#audio_google_105,
genji_106,絶間のみ 世にはあやふき 宇治橋を 朽せぬ物と 猶たのめとや,たえまのみ よにはあやふき うじばしを くちせぬものと なほたのめとや,浮舟姫君,106,http://linkdata.org/resource/rdf1s8953i#kajin_106,くちせぬものと なほたのめとや,絶間のみ 世にはあやふき 宇治橋を,たえまのみ よにはあやふき うじばしを,朽せぬ物と 猶たのめとや,,,,taemanomi yonihaayafuki ujibashio kuchisenumonoto nahotanometoya,106,106,絶間のみ 世にはあやふき 宇治橋を 朽せぬ物と 猶たのめとや,,,くちせぬものと なほたのめとや,,,,,,,,,http://linkdata.org/resource/rdf1s8955i#audio_google_106,
genji_107,いつぞやも 花の盛に 一目見し このもとさへや 秋はさびしき,いつぞやも はなのさかりに ひとめみし このもとさへや あきはさびしき,宰相中將,107,http://linkdata.org/resource/rdf1s8953i#kajin_107,このもとさへや あきはさびしき,いつぞやも 花の盛に 一目見し,いつぞやも はなのさかりに ひとめみし,このもとさへや 秋はさびしき,,,,itsuzoyamo hananosakarini hitomemishi konomotosaheya akihasabishiki,107,107,いつぞやも 花の盛に 一目見し このもとさへや 秋はさびしき,,,このもとさへや あきはさびしき,,,,,,,,,http://linkdata.org/resource/rdf1s8955i#audio_google_107,
genji_108,いづこより 秋はゆきけん 山里の 紅葉のかげは 過うきものを,いづこより あきはゆきけん やまざとの もみぢのかげは すぎうきものを,右衛門督,108,http://linkdata.org/resource/rdf1s8953i#kajin_108,もみぢのかげは すぎうきものを,いづこより 秋はゆきけん 山里の,いづこより あきはゆきけん やまざとの,紅葉のかげは 過うきものを,,,,izukoyori akihayukiken yamazatono momijinokageha sugiukimonoo,108,108,いづこより 秋はゆきけん 山里の 紅葉のかげは 過うきものを,,,もみぢのかげは すぎうきものを,,,,,,,,,http://linkdata.org/resource/rdf1s8955i#audio_google_108,
genji_109,,,,109,http://linkdata.org/resource/rdf1s8953i#kajin_109,,,,,,,,,109,109,,,,,,,,,,,,,http://linkdata.org/resource/rdf1s8955i#audio_google_109,
genji_110,,,,110,http://linkdata.org/resource/rdf1s8953i#kajin_110,,,,,,,,,110,110,,,,,,,,,,,,,http://linkdata.org/resource/rdf1s8955i#audio_google_110,
genji_111,先にたつ 涙の川に 身をなげば 人におくれぬ いのちならまし,さきにたつ なみだのかわに みをなげば ひとにおくれぬ いのちならまし,辨尼,111,http://linkdata.org/resource/rdf1s8953i#kajin_111,ひとにおくれぬ いのちならまし,先にたつ 涙の川に 身をなげば,さきにたつ なみだのかわに みをなげば,人におくれぬ いのちならまし,,,,sakinitatsu namidanokawani mionageba hitoniokurenu inochinaramashi,111,111,先にたつ 涙の川に 身をなげば 人におくれぬ いのちならまし,,,ひとにおくれぬ いのちならまし,,,,,,,,,http://linkdata.org/resource/rdf1s8955i#audio_google_111,
genji_112,在ふれば 嬉しき瀨にも 逢ぬるを 身をうぢ川に 投てましかば,ありふれば うれしきせにも あひぬるを みをうぢがわに なげてましかば,二条院大輔君,112,http://linkdata.org/resource/rdf1s8953i#kajin_112,みをうぢがわに なげてましかば,在ふれば 嬉しき瀨にも 逢ぬるを,ありふれば うれしきせにも あひぬるを,身をうぢ川に 投てましかば,,,,arifureba ureshikisenimo ahinuruo mioujigawani nagetemashikaba,112,112,在ふれば 嬉しき瀨にも 逢ぬるを 身をうぢ川に 投てましかば,,,みをうぢがわに なげてましかば,,,,,,,,,http://linkdata.org/resource/rdf1s8955i#audio_google_112,
genji_113,,,,113,http://linkdata.org/resource/rdf1s8953i#kajin_113,,,,,,,,,113,113,,,,,,,,,,,,,http://linkdata.org/resource/rdf1s8955i#audio_google_113,
genji_114,霜にあへず かれにし園の 菊なれど 殘の色は あせずもある哉,しもにあへず かれにしそのの きくなれど のこりのいろは あせずもあるかな,新帝,114,http://linkdata.org/resource/rdf1s8953i#kajin_114,のこりのいろは あせずもあるかな,霜にあへず かれにし園の 菊なれど,しもにあへず かれにしそのの きくなれど,殘の色は あせずもある哉,,,,shimoniahezu karenishisonono kikunaredo nokorinoiroha asezumoarukana,114,114,霜にあへず かれにし園の 菊なれど 殘の色は あせずもある哉,,,のこりのいろは あせずもあるかな,,,,,,,,,http://linkdata.org/resource/rdf1s8955i#audio_google_114,
genji_115,打渡し 世にゆるしなき 關川を みなれそめけん 名こそ惜けれ,うちわたし よにゆるしなき せきがわを みなれそめけん なこそおしけれ,按察君,115,http://linkdata.org/resource/rdf1s8953i#kajin_115,みなれそめけん なこそおしけれ,打渡し 世にゆるしなき 關川を,うちわたし よにゆるしなき せきがわを,みなれそめけん 名こそ惜けれ,,,,uchiwatashi yoniyurushinaki sekigawao minaresomeken nakosooshikere,115,115,打渡し 世にゆるしなき 關川を みなれそめけん 名こそ惜けれ,,,みなれそめけん なこそおしけれ,,,,,,,,,http://linkdata.org/resource/rdf1s8955i#audio_google_115,
genji_116,世の常の いろともみえず 雲井まで たちのぼりける 藤浪の花,よのつねの いろともみえず くもゐまで たちのぼりける ふじなみのはな,按察大納言,116,http://linkdata.org/resource/rdf1s8953i#kajin_116,たちのぼりける ふじなみのはな,世の常の いろともみえず 雲井まで,よのつねの いろともみえず くもゐまで,たちのぼりける 藤浪の花,,,,yonotsuneno irotomomiezu kumowimade tachinoborikeru fujinaminohana,116,116,世の常の いろともみえず 雲井まで たちのぼりける 藤浪の花,,,たちのぼりける ふじなみのはな,,,,,,,,,http://linkdata.org/resource/rdf1s8955i#audio_google_116,
genji_117,しめゆひし こ萩が上も まよはぬに いかなる露に 移る下葉ぞ,しめゆひし こはぎがうへも まよはぬに いかなるつゆに うつるしたばぞ,常陸北方,117,http://linkdata.org/resource/rdf1s8953i#kajin_117,いかなるつゆに うつるしたばぞ,しめゆひし こ萩が上も まよはぬに,しめゆひし こはぎがうへも まよはぬに,いかなる露に 移る下葉ぞ,,,,shimeyuhishi kohagigauhemo mayohanuni ikanarutsuyuni utsurushitabazo,117,117,しめゆひし こ萩が上も まよはぬに いかなる露に 移る下葉ぞ,,,いかなるつゆに うつるしたばぞ,,,,,,,,,http://linkdata.org/resource/rdf1s8955i#audio_google_117,
genji_118,宮城野の こ萩が本と しらませば 露も心を わかずぞあらまし,みやぎのの こはぎがもとと しらませば つゆもこころを わかずぞあらまし,少將,118,http://linkdata.org/resource/rdf1s8953i#kajin_118,つゆもこころを わかずぞあらまし,宮城野の こ萩が本と しらませば,みやぎのの こはぎがもとと しらませば,露も心を わかずぞあらまし,,,,miyaginono kohagigamototo shiramaseba tsuyumokokoroo wakazuzoaramashi,118,118,宮城野の こ萩が本と しらませば 露も心を わかずぞあらまし,,,つゆもこころを わかずぞあらまし,,,,,,,,,http://linkdata.org/resource/rdf1s8955i#audio_google_118,
genji_119,あはれ知る 心は人に 劣らねど 數ならぬ身に きえつゝぞふる,あはれしる こころはひとに おとらねど かずならぬみに きえつつぞふる,小宰相君,119,http://linkdata.org/resource/rdf1s8953i#kajin_119,かずならぬみに きえつつぞふる,あはれ知る 心は人に 劣らねど,あはれしる こころはひとに おとらねど,數ならぬ身に きえつゝぞふる,,,,ahareshiru kokorohahitoni otoranedo kazunaranumini kietsutsuzofuru,119,119,あはれ知る 心は人に 劣らねど 數ならぬ身に きえつゝぞふる,,,かずならぬみに きえつつぞふる,,,,,,,,,http://linkdata.org/resource/rdf1s8955i#audio_google_119,
genji_120,花と云ば 名こそあだなれ 女郎花 なべての露ぞ 亂れやはする,はなといはば なこそあだなれ をみなへし なべてのつゆぞ みだれやはする,一品宮中將君,120,http://linkdata.org/resource/rdf1s8953i#kajin_120,なべてのつゆぞ みだれやはする,花と云ば 名こそあだなれ 女郎花,はなといはば なこそあだなれ をみなへし,なべての露ぞ 亂れやはする,,,,hanatoihaba nakosoadanare ominaheshi nabetenotsuyuzo midareyahasuru,120,120,花と云ば 名こそあだなれ 女郎花 なべての露ぞ 亂れやはする,,,なべてのつゆぞ みだれやはする,,,,,,,,,http://linkdata.org/resource/rdf1s8955i#audio_google_120,
genji_121,,,,121,http://linkdata.org/resource/rdf1s8953i#kajin_121,,,,,,,,,121,121,,,,,,,,,,,,,http://linkdata.org/resource/rdf1s8955i#audio_google_121,
genji_122,あだし野の 風に靡くな 女郎花 われしめにはん あと遠くとも,あだしのの かぜになびくな をみなへし われしめにはん あととほくとも,中將,122,http://linkdata.org/resource/rdf1s8953i#kajin_122,われしめにはん あととほくとも,あだし野の 風に靡くな 女郎花,あだしのの かぜになびくな をみなへし,われしめにはん あと遠くとも,,,,adashinono kazeninabikuna ominaheshi wareshimenihan atotohokutomo,122,122,あだし野の 風に靡くな 女郎花 われしめにはん あと遠くとも,,,われしめにはん あととほくとも,,,,,,,,,http://linkdata.org/resource/rdf1s8955i#audio_google_122,
genji_123,移しうゑて 思ひ亂れぬ 女郎花 うき世をそむく 草のいほりに,うつしうゑて おもひみだれぬ をみなへし うきよをそむく くさのいほりに,小野尼,123,http://linkdata.org/resource/rdf1s8953i#kajin_123,うきよをそむく くさのいほりに,移しうゑて 思ひ亂れぬ 女郎花,うつしうゑて おもひみだれぬ をみなへし,うき世をそむく 草のいほりに,,,,utsushiuwete omohimidarenu ominaheshi ukiyoosomuku kusanoihorini,123,123,移しうゑて 思ひ亂れぬ 女郎花 うき世をそむく 草のいほりに,,,うきよをそむく くさのいほりに,,,,,,,,,http://linkdata.org/resource/rdf1s8955i#audio_google_123,